{
    "MBA": [
        0.9224766492843628,
        0.9509414434432983,
        0.9556788206100464,
        0.958605945110321,
        0.9616106152534485,
        0.9629040956497192,
        0.963845431804657,
        0.9656507968902588,
        0.9663817882537842,
        0.966964602470398,
        0.9680352210998535,
        0.9684352278709412,
        0.9687414169311523,
        0.969323456287384,
        0.9695394039154053,
        0.969685971736908,
        0.970056414604187,
        0.9701352119445801,
        0.970206081867218,
        0.9703159928321838,
        0.9704543948173523,
        0.9704738855361938,
        0.9705443382263184,
        0.9705688953399658
    ],
    "loss": [
        0.6443662643432617,
        0.20189182460308075,
        0.14314061403274536,
        0.12126705050468445,
        0.10934775322675705,
        0.10467463731765747,
        0.10157261788845062,
        0.09622760117053986,
        0.09405510872602463,
        0.09232482314109802,
        0.08935576677322388,
        0.08824018388986588,
        0.08729908615350723,
        0.0857866033911705,
        0.08512909710407257,
        0.08476271480321884,
        0.08379106968641281,
        0.08355467766523361,
        0.08329189568758011,
        0.08294311165809631,
        0.08268606662750244,
        0.08264777064323425,
        0.0823257565498352,
        0.08235496282577515
    ],
    "val_MBA": [
        0.9497613906860352,
        0.9536309242248535,
        0.9551405906677246,
        0.9579328298568726,
        0.9581810235977173,
        0.9589745998382568,
        0.9576494693756104,
        0.9589616656303406,
        0.9593615531921387,
        0.9585144519805908,
        0.9590311646461487,
        0.9591408967971802,
        0.959113359451294,
        0.9594449996948242,
        0.9593532085418701,
        0.9594184160232544,
        0.9592150449752808,
        0.9593427181243896,
        0.9593757390975952,
        0.9593952298164368,
        0.9592264890670776,
        0.9592660665512085,
        0.9592067003250122,
        0.9591665267944336
    ],
    "val_loss": [
        0.24865561723709106,
        0.1624925434589386,
        0.1341841071844101,
        0.12149281799793243,
        0.11912842839956284,
        0.11915377527475357,
        0.12043647468090057,
        0.11801422387361526,
        0.11852709949016571,
        0.11909963190555573,
        0.12053337693214417,
        0.12112830579280853,
        0.12265434116125107,
        0.12315190583467484,
        0.12377259135246277,
        0.12301679700613022,
        0.12465636432170868,
        0.1250874251127243,
        0.12495221942663193,
        0.1252325028181076,
        0.1254541128873825,
        0.12571215629577637,
        0.12582452595233917,
        0.1257261484861374
    ],
    "learning_rate": [
        9.999999747378752e-05,
        9.999999747378752e-05,
        9.999999747378752e-05,
        9.999999747378752e-05,
        4.999999873689376e-05,
        4.999999873689376e-05,
        4.999999873689376e-05,
        2.499999936844688e-05,
        2.499999936844688e-05,
        2.499999936844688e-05,
        1.249999968422344e-05,
        1.249999968422344e-05,
        1.249999968422344e-05,
        6.24999984211172e-06,
        6.24999984211172e-06,
        6.24999984211172e-06,
        3.12499992105586e-06,
        3.12499992105586e-06,
        3.12499992105586e-06,
        1.56249996052793e-06,
        1.56249996052793e-06,
        1.56249996052793e-06,
        7.81249980263965e-07,
        7.81249980263965e-07
    ]
}