{
    "MBA": [
        0.9148367047309875,
        0.9494547843933105,
        0.9545865654945374,
        0.9576683044433594,
        0.960257351398468,
        0.961341142654419,
        0.9622141122817993,
        0.9634997248649597,
        0.9639917016029358,
        0.9644013047218323,
        0.96517014503479,
        0.9654703736305237,
        0.9656989574432373,
        0.9661334753036499,
        0.9662452340126038,
        0.9663646817207336,
        0.966584324836731,
        0.9666762948036194,
        0.9667046666145325,
        0.9668147563934326,
        0.9669253826141357,
        0.9669444561004639,
        0.9670051336288452,
        0.9669660329818726,
        0.9670126438140869,
        0.9670522212982178,
        0.9670759439468384,
        0.9670619368553162,
        0.9670704007148743
    ],
    "loss": [
        0.6241503357887268,
        0.20909477770328522,
        0.14979885518550873,
        0.12532614171504974,
        0.11354485154151917,
        0.10911547392606735,
        0.10603413730859756,
        0.10196582227945328,
        0.10026867687702179,
        0.09889794886112213,
        0.0967792272567749,
        0.09584072977304459,
        0.09518200159072876,
        0.0940261259675026,
        0.0935802236199379,
        0.09336986392736435,
        0.09265919774770737,
        0.0924672856926918,
        0.09228849411010742,
        0.0920552983880043,
        0.09184791892766953,
        0.09172502160072327,
        0.09153170883655548,
        0.09162000566720963,
        0.09148647636175156,
        0.09128335863351822,
        0.09136692434549332,
        0.09135449677705765,
        0.09134578704833984
    ],
    "val_MBA": [
        0.9467843770980835,
        0.951654314994812,
        0.9533654451370239,
        0.9561960101127625,
        0.9575548768043518,
        0.957768440246582,
        0.9568248987197876,
        0.9578602313995361,
        0.9582536220550537,
        0.9585169553756714,
        0.9584418535232544,
        0.9584103226661682,
        0.9583812355995178,
        0.9585601687431335,
        0.9585663676261902,
        0.9586727023124695,
        0.9587314128875732,
        0.95855712890625,
        0.9587512016296387,
        0.9586686491966248,
        0.9587239623069763,
        0.9586902856826782,
        0.9586464166641235,
        0.9587051272392273,
        0.9587122201919556,
        0.9586538672447205,
        0.9586683511734009,
        0.9586754441261292,
        0.958662211894989
    ],
    "val_loss": [
        0.27049899101257324,
        0.1701386570930481,
        0.1427036076784134,
        0.1265639066696167,
        0.12066926062107086,
        0.11851011216640472,
        0.12059199810028076,
        0.11850453913211823,
        0.117671437561512,
        0.1166769489645958,
        0.1179409921169281,
        0.1181412935256958,
        0.11783362925052643,
        0.11889142543077469,
        0.11894042044878006,
        0.11877118796110153,
        0.11949750036001205,
        0.11918272823095322,
        0.11927536129951477,
        0.11954135447740555,
        0.11976564675569534,
        0.11997047066688538,
        0.11997441947460175,
        0.11983117461204529,
        0.12015224248170853,
        0.12002864480018616,
        0.12022993713617325,
        0.12016034126281738,
        0.12004406005144119
    ],
    "learning_rate": [
        9.999999747378752e-05,
        9.999999747378752e-05,
        9.999999747378752e-05,
        9.999999747378752e-05,
        4.999999873689376e-05,
        4.999999873689376e-05,
        4.999999873689376e-05,
        2.499999936844688e-05,
        2.499999936844688e-05,
        2.499999936844688e-05,
        1.249999968422344e-05,
        1.249999968422344e-05,
        1.249999968422344e-05,
        6.24999984211172e-06,
        6.24999984211172e-06,
        6.24999984211172e-06,
        3.12499992105586e-06,
        3.12499992105586e-06,
        3.12499992105586e-06,
        1.56249996052793e-06,
        1.56249996052793e-06,
        1.56249996052793e-06,
        7.81249980263965e-07,
        7.81249980263965e-07,
        7.81249980263965e-07,
        3.906249901319825e-07,
        3.906249901319825e-07,
        3.906249901319825e-07,
        1.9531249506599124e-07
    ]
}