{
    "MBA": [
        0.9359018206596375,
        0.9469105005264282,
        0.9493035078048706,
        0.9509442448616028,
        0.9519494771957397,
        0.9526627659797668,
        0.9530199766159058,
        0.9533119201660156,
        0.9535744786262512,
        0.953738272190094,
        0.9538092017173767,
        0.9539873600006104,
        0.9540035128593445,
        0.9540744423866272,
        0.9541213512420654,
        0.9541704058647156,
        0.9542189240455627,
        0.9542246460914612,
        0.9542526006698608,
        0.9542446136474609,
        0.9542588591575623,
        0.9542772173881531,
        0.9542792439460754,
        0.954307496547699
    ],
    "loss": [
        0.1777324378490448,
        0.14356988668441772,
        0.13467732071876526,
        0.1296101212501526,
        0.12626056373119354,
        0.12370586395263672,
        0.1226016953587532,
        0.12177171558141708,
        0.12079330533742905,
        0.12029056251049042,
        0.1199956163764,
        0.11950650811195374,
        0.11937341094017029,
        0.11925435066223145,
        0.11892297118902206,
        0.11892108619213104,
        0.11882015317678452,
        0.11872977763414383,
        0.11867766082286835,
        0.11869016289710999,
        0.11862073838710785,
        0.11848799139261246,
        0.11836645752191544,
        0.11859806627035141
    ],
    "val_MBA": [
        0.9363386631011963,
        0.9150473475456238,
        0.9417098164558411,
        0.9452372789382935,
        0.9469694495201111,
        0.9437025785446167,
        0.9484479427337646,
        0.9473607540130615,
        0.9482158422470093,
        0.9489418268203735,
        0.9482779502868652,
        0.9486383199691772,
        0.9488404393196106,
        0.9490441083908081,
        0.9489340782165527,
        0.9486411213874817,
        0.9487848281860352,
        0.948877215385437,
        0.9486889839172363,
        0.9487403035163879,
        0.9486627578735352,
        0.9487616419792175,
        0.9486787915229797,
        0.9487019777297974
    ],
    "val_loss": [
        0.1797301471233368,
        0.23713478446006775,
        0.16121652722358704,
        0.15063583850860596,
        0.14742331206798553,
        0.1566801518201828,
        0.14135214686393738,
        0.14184048771858215,
        0.14078737795352936,
        0.14046651124954224,
        0.1407458335161209,
        0.14103615283966064,
        0.13866890966892242,
        0.13980837166309357,
        0.139128640294075,
        0.13916988670825958,
        0.1386813372373581,
        0.138358935713768,
        0.13843996822834015,
        0.13981802761554718,
        0.13964523375034332,
        0.13942329585552216,
        0.13964882493019104,
        0.13935412466526031
    ],
    "learning_rate": [
        9.999999747378752e-05,
        9.999999747378752e-05,
        9.999999747378752e-05,
        9.999999747378752e-05,
        9.999999747378752e-05,
        4.999999873689376e-05,
        4.999999873689376e-05,
        4.999999873689376e-05,
        2.499999936844688e-05,
        2.499999936844688e-05,
        2.499999936844688e-05,
        1.249999968422344e-05,
        1.249999968422344e-05,
        1.249999968422344e-05,
        6.24999984211172e-06,
        6.24999984211172e-06,
        6.24999984211172e-06,
        3.12499992105586e-06,
        3.12499992105586e-06,
        3.12499992105586e-06,
        1.56249996052793e-06,
        1.56249996052793e-06,
        1.56249996052793e-06,
        7.81249980263965e-07
    ]
}